recorded_utc,ticker,checkpoint,remaining_sec,strike,reference_price,base_prob_above,adaptive_prob_above,stat_prob,analog_prob,market_prob,flow_prob,final60_prob,momentum,pressure,bid_balance,spread,candle_outcome_score,z_distance,sigma_1m,venue_count,dispersion_bps,disagreement,outcome_call,result,settled_utc,settlement_value
2026-10-09T17:03:06+00:00,KXBTC15M-26OCT091315-15,12-9m,713.982287,82671.48,82657.05,0.4321594861148976,0.4321594861148976,0.393918323622377,0.4771807994933799,0.445,0.3733434627367314,,-0.2178003690500402,-0.3226955787394061,0.221886782565698,1.0,-25.69575884515777,-0.1670321407373484,0.0003095292347919,4,0.4681996272548616,0.0385987965653289,UNCERTAIN,,,
2026-10-09T17:09:36+00:00,KXBTC15M-26OCT091315-15,6-3m,323.15438,82671.48,82621.435,0.1963196129185377,0.1963196129185377,0.1322969599638785,0.2055055002295112,0.245,0.2272770941047946,,-0.7263139585323839,-0.4183932717117956,-0.4424079629941079,1.0,-23.27117711795571,-1.0318323773178537,0.0002654940204069,4,2.25425762697018,0.0475942685704447,BELOW,,,
2026-10-09T17:44:31+00:00,KXBTC15M-26OCT091345-45,final-60s,29.001537,82608.41,82633.6,0.9491441105294496,0.9491441105294496,0.9354780957245216,0.8859635798096479,0.99,0.4001765532009438,0.999,0.1813962374084882,-0.4551018393362751,-0.1336696494884092,0.0999999999999943,-9.215388496850396,1.5130155196486643,0.0004505876839206,4,0.6401754250084934,0.1175944604135263,ABOVE · STRONG,,,
2026-10-09T17:45:33+00:00,KXBTC15M-26OCT091400-00,15-12m,866.379968,82632.4,82604.965,0.3932408263634406,0.3932408263634406,0.4170314179597961,0.3958591279676688,0.385,0.3572959643414005,,0.1538812629077557,-0.327046653475816,-0.3479427973357794,1.0,-22.016195285769268,-0.1955611892950844,0.0004547972684252,4,0.7317962061970107,0.0182018050360032,UNCERTAIN,,,
2026-10-09T17:50:08+00:00,KXBTC15M-26OCT091400-00,12-9m,591.747997,82632.4,82612.4,0.4066320486512845,0.4066320486512845,0.4340838519183763,0.4226862195927662,0.345,0.462284892825087,,0.2995543631042348,-0.2611729070908795,-0.0426637524208631,1.0,-10.39135733730594,-0.1710017020997354,0.000462633009793,4,1.1063714406067682,0.042576096797181,UNCERTAIN,,,
2026-10-09T17:51:47+00:00,KXBTC15M-26OCT091400-00,9-6m,492.885498,82632.4,82657.275,0.6278265001153538,0.6278265001153538,0.6167370797365984,0.6587278434657587,0.615,0.6204706871352395,,0.3993789851495065,0.16391107701292,0.1889419301113778,1.0,2.2989777143550096,0.2352271591770269,0.0004606793408642,4,1.04951439543699,0.018744519439871,UNCERTAIN,,,
2026-10-09T17:54:01+00:00,KXBTC15M-26OCT091400-00,6-3m,358.595614,82632.4,82649.45000000001,0.6151781891235795,0.6151781891235795,0.608957355467743,0.682734087106904,0.615,0.4713999225203537,,0.4691439785688742,-0.0791855458269475,-0.3259987758706059,1.0,-13.276581774738553,0.2331448447457799,0.0003781361015396,4,0.8421108670408906,0.0564866815345551,UNCERTAIN,,,
2026-10-09T17:57:00+00:00,KXBTC15M-26OCT091400-00,3-1m,179.414893,82632.4,82674.79000000001,0.8129187700638666,0.8129187700638666,0.8532268146865458,0.8262244998878274,0.845,0.5002558794802929,,0.0162803667799106,-0.3267261522066174,0.1942442431148669,1.0,11.337286756862673,1.0015281825640148,0.0003245018556872,4,1.144242398436468,0.0988026276709091,ABOVE,,,
2026-10-09T17:59:01+00:00,KXBTC15M-26OCT091400-00,final-60s,58.983811,82632.4,82664.55,0.9485669489659834,0.9485669489659834,0.9614457153783628,0.9230078075793712,0.9875,0.318755278394102,0.9849214967171154,0.2312704462250939,-0.6083239645455805,-0.7981810769072201,0.0999999999999943,1.3344342097101434,1.7542048256885356,0.0003190536500948,4,0.3871066859972849,0.1298634916686963,ABOVE · STRONG,,,
2026-10-09T18:00:12+00:00,KXBTC15M-26OCT091415-15,15-12m,887.04536,82657.42,82635.705,0.394030647560487,0.394030647560487,0.409984230421678,0.398785217717203,0.395,0.348421321610591,,0.080864678993127,-0.4786102414519376,0.1279178775786729,1.0,-36.67748007651961,-0.2157969107251162,0.0003221540084078,4,0.7726684246223137,0.0184643940072942,UNCERTAIN,,,
2026-10-09T18:03:46+00:00,KXBTC15M-26OCT091415-15,12-9m,673.647734,82657.42,82611.92499999999,0.271368979224997,0.271368979224997,0.2787068882813439,0.282292855603732,0.265,0.2420951981518559,,-0.5561759617563955,-0.5842891969070235,-0.2610140675042585,1.0,-21.891542549452875,-0.5341684229905067,0.0003146839997472,4,2.894860518019016,0.0127982080748074,BELOW,,,
2026-10-09T18:06:02+00:00,KXBTC15M-26OCT091415-15,9-6m,537.585033,82657.42,82628.485,0.3658651601724658,0.3658651601724658,0.3463265564092863,0.4499022091381494,0.295,0.4102326380576162,,0.013569564981706,-0.420681740674268,-0.0273921300661664,1.0000000000000036,-4.0128637742873225,-0.3993968870797554,0.0003013937294218,4,0.8429296507128647,0.0620139962735768,UNCERTAIN,,,
2026-10-09T18:13:58+00:00,KXBTC15M-26OCT091415-15,3-1m,61.97819,82657.42,82612.725,0.05394458778737218,0.05394458778737218,0.005,0.0205978184268762,0.01,0.5346135194990226,,-0.20800694897999958,-0.13818121115826465,0.8158048601913809,0.09999999999999998,-9.772322186375217,-2.7062880979912283,0.00027375949943257553,4,0.9169289597932284,0.14513716008748953,BELOW · STRONG,,,
